%time,field.layout.data_offset,field.data0,field.data1,field.data2,field.data3
1640845744804609780,0,1023.0,694.0,1023.0,1021.0
1640845744901190967,0,1023.0,696.0,1023.0,1020.0
1640845744996685089,0,1023.0,694.0,1022.0,1023.0
1640845745108259860,0,1023.0,693.0,1023.0,1018.0
1640845745204916895,0,1019.0,695.0,1023.0,1020.0
1640845745300319875,0,1020.0,699.0,1021.0,1023.0
1640845745412121827,0,1023.0,693.0,1023.0,956.0
1640845745509126949,0,1023.0,695.0,1023.0,933.0
1640845745604364925,0,1023.0,695.0,1022.0,961.0
1640845745716176530,0,1023.0,696.0,1023.0,1023.0
1640845745815196814,0,1023.0,696.0,1022.0,1023.0
1640845745908089177,0,1023.0,695.0,1023.0,1023.0
1640845746019264802,0,1020.0,701.0,1020.0,1023.0
1640845746115162470,0,1023.0,695.0,1022.0,1022.0
1640845746211439077,0,1021.0,696.0,1023.0,1022.0
1640845746322884705,0,1022.0,698.0,1021.0,1023.0
1640845746419108984,0,1023.0,695.0,1021.0,1023.0
1640845746514929938,0,1023.0,694.0,1020.0,1021.0
1640845746626635557,0,1023.0,693.0,1023.0,1022.0
1640845746723306537,0,1023.0,696.0,1023.0,1021.0
1640845746819039490,0,1023.0,697.0,1021.0,1023.0
1640845746930110705,0,1020.0,696.0,1023.0,1023.0
1640845747027980427,0,1022.0,697.0,1023.0,1005.0
1640845747122996091,0,817.0,693.0,1020.0,1017.0
1640845747233844718,0,854.0,695.0,1022.0,1008.0
1640845747330720001,0,823.0,693.0,1023.0,955.0
1640845747427569861,0,810.0,693.0,1023.0,953.0
1640845747537543624,0,817.0,694.0,1023.0,935.0
1640845747633994682,0,812.0,695.0,1023.0,944.0
1640845747731203038,0,806.0,694.0,1023.0,926.0
1640845747844244332,0,808.0,694.0,1023.0,940.0
1640845747937197608,0,816.0,693.0,1023.0,951.0
1640845748049218618,0,805.0,693.0,1023.0,969.0
1640845748145017931,0,805.0,694.0,1023.0,953.0
1640845748241863297,0,812.0,695.0,1021.0,959.0
1640845748352733510,0,818.0,695.0,1023.0,962.0
1640845748448737559,0,805.0,693.0,1023.0,958.0
1640845748546106066,0,803.0,702.0,1022.0,957.0
1640845748656476944,0,804.0,693.0,1023.0,962.0
1640845748753359130,0,804.0,692.0,1023.0,965.0
1640845748848345575,0,803.0,696.0,1021.0,963.0
1640845748960161621,0,809.0,695.0,1023.0,965.0
1640845749056192295,0,805.0,694.0,1023.0,968.0
1640845749152007919,0,802.0,696.0,1023.0,952.0
1640845749263966671,0,801.0,693.0,1023.0,959.0
1640845749360466395,0,802.0,696.0,1020.0,966.0
1640845749456684168,0,812.0,692.0,1023.0,950.0
1640845749567450829,0,800.0,698.0,1021.0,960.0
1640845749665887156,0,803.0,694.0,1023.0,956.0
1640845749759828877,0,799.0,698.0,1022.0,960.0
1640845749871250350,0,819.0,693.0,1023.0,961.0
1640845749970855081,0,790.0,696.0,1023.0,966.0
1640845750063217910,0,804.0,692.0,1023.0,969.0
1640845750174827705,0,794.0,696.0,1023.0,971.0
1640845750271622070,0,807.0,694.0,1023.0,963.0
1640845750366895553,0,805.0,695.0,1022.0,963.0
1640845750478716779,0,809.0,693.0,1021.0,966.0
1640845750575218521,0,812.0,693.0,1023.0,959.0
1640845750671448551,0,805.0,697.0,1019.0,957.0
1640845750782306882,0,817.0,692.0,1023.0,952.0
1640845750879863632,0,813.0,693.0,1023.0,967.0
1640845750974764221,0,814.0,693.0,1023.0,969.0
1640845751085931819,0,807.0,695.0,1023.0,962.0
1640845751182643730,0,810.0,695.0,1023.0,971.0
1640845751278025204,0,805.0,698.0,1023.0,965.0
1640845751389567862,0,807.0,692.0,1023.0,959.0
1640845751486010530,0,812.0,694.0,1023.0,966.0
1640845751597320004,0,808.0,692.0,1021.0,967.0
1640845751693260086,0,804.0,693.0,1023.0,958.0
1640845751789362754,0,802.0,695.0,1023.0,959.0
1640845751900871379,0,801.0,693.0,1023.0,960.0
1640845751997093710,0,802.0,702.0,1019.0,964.0
1640845752093161405,0,810.0,694.0,1022.0,960.0
1640845752204714374,0,809.0,693.0,1023.0,957.0
1640845752300977673,0,803.0,694.0,1022.0,968.0
1640845752396976177,0,803.0,694.0,1023.0,956.0
1640845752508445526,0,805.0,696.0,1021.0,956.0
1640845752604353400,0,808.0,692.0,1023.0,955.0
1640845752701505214,0,804.0,696.0,1020.0,960.0
1640845752811839910,0,806.0,697.0,1023.0,956.0
1640845752908958211,0,800.0,696.0,1019.0,964.0
1640845753004374502,0,807.0,691.0,1023.0,955.0
1640845753116200232,0,808.0,694.0,1022.0,959.0
1640845753212266125,0,810.0,694.0,1023.0,948.0
1640845753307692400,0,811.0,695.0,1020.0,957.0
1640845753419227657,0,813.0,694.0,1022.0,950.0
1640845753516611774,0,808.0,695.0,1021.0,959.0
1640845753612060015,0,812.0,692.0,1023.0,955.0
1640845753723009337,0,807.0,696.0,1023.0,956.0
1640845753819951929,0,812.0,694.0,1023.0,952.0
1640845753915505212,0,810.0,695.0,1023.0,955.0
1640845754026491498,0,812.0,694.0,1022.0,953.0
1640845754123588049,0,810.0,695.0,1023.0,955.0
1640845754219738097,0,813.0,694.0,1022.0,953.0
1640845754330205099,0,810.0,694.0,1023.0,951.0
1640845754426969846,0,809.0,698.0,1019.0,953.0
1640845754523126580,0,813.0,694.0,1023.0,958.0
1640845754633951963,0,814.0,697.0,1021.0,951.0
1640845754730974708,0,817.0,692.0,1023.0,947.0
1640845754841592106,0,808.0,697.0,1020.0,950.0
1640845754937492713,0,815.0,692.0,1023.0,950.0
1640845755037314711,0,807.0,699.0,1020.0,958.0
1640845755145440771,0,810.0,693.0,1023.0,953.0
1640845755243596528,0,811.0,692.0,1022.0,965.0
1640845755337746840,0,811.0,695.0,1023.0,953.0
1640845755449582755,0,809.0,692.0,1023.0,958.0
1640845755545281372,0,807.0,695.0,1019.0,958.0
1640845755641789001,0,809.0,692.0,1023.0,947.0
1640845755752519340,0,808.0,695.0,1023.0,950.0
1640845755848815959,0,803.0,696.0,1020.0,954.0
1640845755946323878,0,803.0,694.0,1023.0,962.0
1640845756056343011,0,806.0,695.0,1023.0,950.0
1640845756152672838,0,807.0,697.0,1020.0,948.0
1640845756248636892,0,817.0,691.0,1023.0,942.0
1640845756360028993,0,807.0,694.0,1021.0,950.0
1640845756455702765,0,804.0,695.0,1023.0,952.0
1640845756552387504,0,807.0,694.0,1023.0,958.0
1640845756663448338,0,801.0,695.0,1023.0,955.0
1640845756759979061,0,809.0,693.0,1023.0,948.0
1640845756855135806,0,807.0,698.0,1021.0,946.0
1640845756967001921,0,809.0,694.0,1023.0,949.0
1640845757063791677,0,807.0,696.0,1022.0,952.0
1640845757159968928,0,802.0,697.0,1023.0,954.0
1640845757270739985,0,813.0,692.0,1023.0,949.0
1640845757367260419,0,810.0,695.0,1021.0,952.0
1640845757462928036,0,808.0,693.0,1023.0,953.0
1640845757574286260,0,812.0,692.0,1020.0,962.0
1640845757670580047,0,812.0,694.0,1023.0,948.0
1640845757766248412,0,813.0,693.0,1023.0,945.0
1640845757878044238,0,809.0,695.0,1019.0,949.0
1640845757975080002,0,811.0,692.0,1023.0,947.0
1640845758071154588,0,808.0,693.0,1020.0,951.0
1640845758181772988,0,804.0,695.0,1023.0,952.0
1640845758277686122,0,805.0,694.0,1023.0,954.0
1640845758389379767,0,800.0,694.0,1021.0,955.0
1640845758486608310,0,804.0,693.0,1023.0,955.0
1640845758581434538,0,804.0,700.0,1018.0,954.0
1640845758693027172,0,806.0,690.0,1023.0,951.0
1640845758789855237,0,805.0,693.0,1022.0,959.0
1640845758885632080,0,802.0,694.0,1023.0,955.0
1640845758996709168,0,801.0,698.0,1023.0,950.0
1640845759092803653,0,797.0,698.0,1018.0,953.0
1640845759189567776,0,802.0,694.0,1023.0,947.0
1640845759300385327,0,801.0,693.0,1023.0,956.0
1640845759396963912,0,798.0,696.0,1022.0,952.0
1640845759492991519,0,811.0,692.0,1023.0,953.0
1640845759603949828,0,803.0,693.0,1023.0,960.0
1640845759700220915,0,813.0,694.0,1023.0,954.0
1640845759795889062,0,798.0,692.0,1023.0,955.0
1640845759907766635,0,798.0,699.0,1020.0,950.0
1640845760004693768,0,798.0,694.0,1023.0,945.0
1640845760101113240,0,800.0,691.0,1023.0,947.0
1640845760211416994,0,793.0,699.0,1020.0,944.0
1640845760307367781,0,798.0,694.0,1023.0,949.0
1640845760403904163,0,797.0,692.0,1022.0,940.0
1640845760515116781,0,798.0,695.0,1020.0,948.0
1640845760612216439,0,795.0,696.0,1022.0,948.0
1640845760708009306,0,798.0,694.0,1023.0,943.0
1640845760818818877,0,800.0,692.0,1023.0,947.0
1640845760915065630,0,798.0,694.0,1021.0,958.0
1640845761027524091,0,799.0,694.0,1023.0,959.0
1640845761122331272,0,798.0,694.0,1023.0,949.0
1640845761218880223,0,804.0,692.0,1023.0,938.0
1640845761314965670,0,796.0,693.0,1023.0,942.0
1640845761426076958,0,796.0,696.0,1023.0,944.0
1640845761522467078,0,803.0,693.0,1023.0,944.0
1640845761633805638,0,803.0,694.0,1023.0,952.0
1640845761729869516,0,798.0,696.0,1020.0,952.0
1640845761826735736,0,798.0,690.0,1022.0,951.0
1640845761937476574,0,802.0,693.0,1023.0,947.0
1640845762034508481,0,795.0,694.0,1023.0,948.0
1640845762129763538,0,794.0,697.0,1019.0,952.0
1640845762243437271,0,797.0,696.0,1023.0,943.0
1640845762343566729,0,799.0,692.0,1023.0,944.0
1640845762433240016,0,797.0,693.0,1023.0,941.0
1640845762544785817,0,799.0,694.0,1023.0,949.0
1640845762641877502,0,793.0,695.0,1023.0,953.0
1640845762737545786,0,797.0,693.0,1023.0,949.0
1640845762848415746,0,800.0,690.0,1023.0,958.0
1640845762946307383,0,795.0,694.0,1020.0,960.0
1640845763046863129,0,792.0,695.0,1019.0,959.0
1640845763151985643,0,794.0,693.0,1023.0,951.0
1640845763249133320,0,799.0,691.0,1023.0,955.0
1640845763344877033,0,801.0,694.0,1023.0,953.0
1640845763456835335,0,795.0,695.0,1022.0,954.0
1640845763553966271,0,796.0,692.0,1023.0,952.0
1640845763648728063,0,803.0,694.0,1023.0,954.0
1640845763759266033,0,791.0,692.0,1023.0,955.0
1640845763856034331,0,794.0,694.0,1022.0,954.0
1640845763952042479,0,792.0,699.0,1019.0,937.0
1640845764062937521,0,797.0,691.0,1022.0,942.0
1640845764159684456,0,797.0,692.0,1023.0,948.0
1640845764254970276,0,800.0,693.0,1021.0,949.0
1640845764366606388,0,798.0,695.0,1020.0,945.0
1640845764463285098,0,801.0,693.0,1023.0,938.0
1640845764559569606,0,806.0,691.0,1023.0,938.0
1640845764670304575,0,801.0,695.0,1023.0,949.0
1640845764767033891,0,796.0,696.0,1022.0,949.0
1640845764862443770,0,797.0,694.0,1023.0,944.0
1640845764973920958,0,797.0,693.0,1023.0,943.0
1640845765070626112,0,803.0,692.0,1023.0,939.0
1640845765181658746,0,800.0,691.0,1023.0,941.0
1640845765277572104,0,800.0,692.0,1023.0,945.0
1640845765374196002,0,797.0,692.0,1023.0,938.0
1640845765485310324,0,795.0,697.0,1021.0,948.0
1640845765582032860,0,793.0,695.0,1023.0,949.0
1640845765677340897,0,795.0,694.0,1023.0,945.0
1640845765789048654,0,797.0,692.0,1023.0,947.0
1640845765884944019,0,799.0,694.0,1023.0,945.0
1640845765981517961,0,799.0,693.0,1019.0,952.0
1640845766092496762,0,797.0,694.0,1023.0,949.0
1640845766189198322,0,793.0,694.0,1023.0,953.0
1640845766286483548,0,797.0,693.0,1023.0,955.0
1640845766396095770,0,797.0,692.0,1023.0,945.0
1640845766492365464,0,796.0,693.0,1021.0,956.0
1640845766589024972,0,792.0,695.0,1020.0,948.0
1640845766699809033,0,794.0,699.0,1023.0,950.0
1640845766796687559,0,807.0,692.0,1023.0,942.0
1640845766892889922,0,798.0,693.0,1023.0,945.0
1640845767003467357,0,794.0,694.0,1020.0,950.0
1640845767100006698,0,795.0,694.0,1022.0,948.0
1640845767198017119,0,794.0,695.0,1023.0,952.0
1640845767307045096,0,796.0,692.0,1023.0,950.0
1640845767403753540,0,805.0,691.0,1023.0,945.0
1640845767499970811,0,797.0,692.0,1022.0,951.0
1640845767610787850,0,795.0,695.0,1023.0,949.0
1640845767707903325,0,796.0,694.0,1023.0,941.0
1640845767802723714,0,796.0,694.0,1023.0,938.0
1640845767914391836,0,795.0,692.0,1023.0,939.0
1640845768011597010,0,804.0,693.0,1022.0,948.0
1640845768106703668,0,796.0,693.0,1023.0,949.0
1640845768217963335,0,797.0,693.0,1023.0,952.0
1640845768314684640,0,794.0,697.0,1017.0,946.0
1640845768425796899,0,796.0,695.0,1020.0,949.0
1640845768521741933,0,797.0,695.0,1022.0,943.0
1640845768619396508,0,808.0,691.0,1023.0,942.0
1640845768729349175,0,799.0,694.0,1023.0,941.0
1640845768826043958,0,801.0,693.0,1023.0,940.0
1640845768921718955,0,800.0,692.0,1023.0,941.0
1640845769033338523,0,805.0,692.0,1023.0,941.0
1640845769129425504,0,805.0,692.0,1023.0,945.0
1640845769225315410,0,803.0,694.0,1023.0,946.0
1640845769337418735,0,799.0,690.0,1023.0,944.0
1640845769433020270,0,800.0,692.0,1023.0,943.0
1640845769529128692,0,798.0,693.0,1023.0,945.0
1640845769647240443,0,798.0,694.0,1023.0,936.0
1640845769736445943,0,796.0,694.0,1023.0,941.0
1640845769832600641,0,798.0,692.0,1023.0,943.0
1640845769943974845,0,796.0,694.0,1021.0,944.0
1640845770041204759,0,795.0,695.0,1020.0,943.0
1640845770136680145,0,798.0,698.0,1019.0,939.0
1640845770247682670,0,798.0,698.0,1022.0,933.0
1640845770344012368,0,797.0,696.0,1022.0,942.0
1640845770439980207,0,795.0,696.0,1021.0,943.0
1640845770551282496,0,793.0,696.0,1018.0,939.0
1640845770648152434,0,792.0,695.0,1022.0,948.0
1640845770743796095,0,792.0,693.0,1019.0,938.0
1640845770855990094,0,792.0,695.0,1022.0,936.0
1640845770951289615,0,795.0,694.0,1023.0,936.0
1640845771047394878,0,798.0,693.0,1021.0,934.0
1640845771159745511,0,793.0,692.0,1023.0,933.0
1640845771254636125,0,793.0,694.0,1023.0,934.0
1640845771351021056,0,793.0,695.0,1023.0,924.0
1640845771462287412,0,795.0,694.0,1023.0,926.0
1640845771559160306,0,795.0,694.0,1023.0,927.0
1640845771670042987,0,796.0,699.0,1023.0,934.0
1640845771765937392,0,793.0,695.0,1021.0,933.0
1640845771862274517,0,797.0,694.0,1023.0,930.0
1640845771975587664,0,797.0,697.0,1022.0,937.0
1640845772069730573,0,798.0,692.0,1022.0,933.0
1640845772165641112,0,801.0,693.0,1023.0,928.0
1640845772277311751,0,802.0,692.0,1023.0,932.0
1640845772374091718,0,797.0,693.0,1023.0,941.0
1640845772470214822,0,799.0,689.0,1023.0,933.0
1640845772580912310,0,802.0,692.0,1023.0,927.0
1640845772677505968,0,797.0,692.0,1023.0,928.0
1640845772773016985,0,801.0,692.0,1023.0,926.0
1640845772884772024,0,812.0,691.0,1023.0,926.0
1640845772981102683,0,796.0,691.0,1023.0,929.0
1640845773079588905,0,799.0,691.0,1023.0,928.0
1640845773188287338,0,799.0,694.0,1023.0,928.0
1640845773284742151,0,797.0,693.0,1023.0,926.0
1640845773380422783,0,797.0,693.0,1023.0,928.0
1640845773492055980,0,796.0,694.0,1023.0,926.0
1640845773588752528,0,796.0,693.0,1023.0,924.0
1640845773687553171,0,796.0,696.0,1023.0,924.0
1640845773795910683,0,797.0,695.0,1022.0,927.0
1640845773892559958,0,800.0,692.0,1023.0,926.0
1640845773988438275,0,795.0,690.0,1023.0,932.0
1640845774099383925,0,794.0,692.0,1022.0,937.0
1640845774195902534,0,793.0,694.0,1020.0,936.0
1640845774291700154,0,797.0,691.0,1023.0,934.0
1640845774402808738,0,798.0,692.0,1023.0,940.0
1640845774499919588,0,799.0,690.0,1023.0,932.0
1640845774598002498,0,801.0,691.0,1023.0,924.0
1640845774706526032,0,799.0,693.0,1023.0,930.0
1640845774802623591,0,794.0,695.0,1023.0,931.0
1640845774914245071,0,795.0,695.0,1021.0,932.0
1640845775010165922,0,797.0,690.0,1021.0,939.0
1640845775107125830,0,799.0,697.0,1023.0,930.0
1640845775217802341,0,799.0,692.0,1023.0,932.0
1640845775314402444,0,796.0,691.0,1023.0,931.0
1640845775410021102,0,796.0,692.0,1023.0,928.0
1640845775521525470,0,792.0,694.0,1023.0,933.0
1640845775617829877,0,790.0,694.0,1019.0,936.0
1640845775713425376,0,791.0,694.0,1021.0,945.0
1640845775825049783,0,795.0,693.0,1022.0,924.0
1640845775921690342,0,795.0,692.0,1023.0,928.0
1640845776017230499,0,793.0,693.0,1023.0,936.0
1640845776128756593,0,793.0,692.0,1023.0,938.0
1640845776225943887,0,796.0,692.0,1023.0,931.0
1640845776321510371,0,792.0,697.0,1020.0,937.0
1640845776432546295,0,793.0,695.0,1020.0,933.0
1640845776529261710,0,794.0,690.0,1023.0,940.0
1640845776624689173,0,795.0,693.0,1023.0,930.0
1640845776735956124,0,788.0,694.0,1023.0,933.0
1640845776831847848,0,792.0,694.0,1023.0,937.0
1640845776928449347,0,790.0,695.0,1019.0,936.0
1640845777039566272,0,794.0,692.0,1022.0,926.0
1640845777136622480,0,799.0,689.0,1023.0,932.0
1640845777232435484,0,795.0,692.0,1023.0,926.0
1640845777343244937,0,793.0,694.0,1023.0,933.0
1640845777443886599,0,791.0,696.0,1022.0,932.0
1640845777535629274,0,796.0,692.0,1023.0,931.0
1640845777647212119,0,792.0,692.0,1023.0,924.0
1640845777743630951,0,791.0,694.0,1019.0,934.0
1640845777839773260,0,794.0,693.0,1023.0,922.0
1640845777950572558,0,798.0,690.0,1023.0,929.0
1640845778047873671,0,791.0,695.0,1023.0,931.0
1640845778144355942,0,793.0,698.0,1019.0,931.0
1640845778254243323,0,797.0,692.0,1023.0,931.0
1640845778350366553,0,798.0,692.0,1021.0,931.0
1640845778461892865,0,797.0,695.0,1023.0,931.0
1640845778557888451,0,798.0,692.0,1020.0,935.0
1640845778654422739,0,803.0,690.0,1023.0,926.0
1640845778765552367,0,796.0,691.0,1023.0,926.0
1640845778862522096,0,796.0,693.0,1023.0,929.0
1640845778957969400,0,796.0,692.0,1023.0,929.0
1640845779069282778,0,795.0,695.0,1022.0,932.0
1640845779166103069,0,792.0,699.0,1023.0,927.0
1640845779261859770,0,797.0,691.0,1023.0,922.0
1640845779373013498,0,793.0,696.0,1023.0,930.0
1640845779470015901,0,791.0,697.0,1021.0,923.0
1640845779565865809,0,794.0,691.0,1023.0,932.0
1640845779676827474,0,798.0,691.0,1023.0,921.0
1640845779772945598,0,791.0,696.0,1023.0,924.0
1640845779869421203,0,794.0,694.0,1023.0,928.0
1640845779981340992,0,793.0,695.0,1023.0,924.0
1640845780077690602,0,791.0,692.0,1023.0,919.0
1640845780176080627,0,787.0,696.0,1020.0,927.0
1640845780284051486,0,793.0,692.0,1023.0,929.0
1640845780380626619,0,795.0,691.0,1023.0,920.0
1640845780476483079,0,792.0,694.0,1020.0,922.0
1640845780587805047,0,795.0,691.0,1023.0,931.0
1640845780683871363,0,791.0,695.0,1022.0,920.0
1640845780780025207,0,789.0,695.0,1023.0,921.0
1640845780891569403,0,792.0,693.0,1023.0,924.0
1640845780987960144,0,792.0,693.0,1022.0,922.0
1640845781083694663,0,791.0,692.0,1023.0,927.0
1640845781195522866,0,790.0,693.0,1020.0,931.0
1640845781293459754,0,791.0,693.0,1023.0,928.0
1640845781387954600,0,793.0,697.0,1023.0,922.0
1640845781498746348,0,792.0,692.0,1023.0,918.0
1640845781595010194,0,789.0,693.0,1023.0,919.0
1640845781706472311,0,789.0,692.0,1022.0,923.0
1640845781802632271,0,787.0,691.0,1023.0,919.0
1640845781899250475,0,786.0,695.0,1019.0,930.0
1640845782010215070,0,791.0,691.0,1023.0,928.0
1640845782106172682,0,788.0,694.0,1023.0,920.0
1640845782202829835,0,786.0,695.0,1020.0,924.0
1640845782313836978,0,792.0,691.0,1023.0,922.0
1640845782410328558,0,786.0,693.0,1023.0,920.0
1640845782506249418,0,789.0,694.0,1023.0,922.0
1640845782617405792,0,787.0,693.0,1023.0,921.0
1640845782714426311,0,784.0,697.0,1019.0,923.0
1640845782810252483,0,791.0,690.0,1023.0,924.0
1640845782921053612,0,784.0,693.0,1023.0,926.0
1640845783017406748,0,789.0,693.0,1023.0,924.0
1640845783115584802,0,787.0,694.0,1023.0,923.0
1640845783227515051,0,788.0,693.0,1023.0,928.0
1640845783320707146,0,787.0,693.0,1023.0,925.0
1640845783416813784,0,783.0,698.0,1018.0,942.0
1640845783528215814,0,790.0,686.0,1023.0,939.0
1640845783624331779,0,784.0,693.0,1021.0,937.0
1640845783721221702,0,791.0,692.0,1023.0,938.0
1640845783831865305,0,788.0,690.0,1023.0,934.0
1640845783928236134,0,786.0,696.0,1021.0,934.0
1640845784024905262,0,789.0,692.0,1023.0,934.0
1640845784135514933,0,785.0,694.0,1022.0,936.0
1640845784232188251,0,789.0,692.0,1023.0,925.0
1640845784327573555,0,787.0,692.0,1023.0,926.0
1640845784439042580,0,784.0,698.0,1020.0,930.0
1640845784535865492,0,790.0,690.0,1023.0,922.0
1640845784631534648,0,784.0,695.0,1023.0,927.0
1640845784742732862,0,786.0,693.0,1023.0,931.0
1640845784839155109,0,786.0,693.0,1023.0,937.0
1640845784950480371,0,784.0,694.0,1020.0,938.0
1640845785046516112,0,785.0,695.0,1023.0,935.0
1640845785142727355,0,787.0,693.0,1023.0,935.0
1640845785254174419,0,786.0,691.0,1020.0,947.0
1640845785350094231,0,787.0,691.0,1023.0,937.0
1640845785446894242,0,786.0,698.0,1019.0,939.0
1640845785557897302,0,786.0,692.0,1023.0,934.0
1640845785654409206,0,784.0,693.0,1023.0,934.0
1640845785750548078,0,787.0,692.0,1022.0,934.0
1640845785861505462,0,786.0,691.0,1023.0,930.0
1640845785957957576,0,783.0,694.0,1021.0,932.0
1640845786054283780,0,788.0,691.0,1023.0,936.0
1640845786165131094,0,782.0,694.0,1023.0,932.0
1640845786261261537,0,786.0,694.0,1021.0,939.0
1640845786359051480,0,789.0,692.0,1023.0,942.0
1640845786468712719,0,787.0,695.0,1021.0,940.0
1640845786565705519,0,791.0,693.0,1023.0,934.0
1640845786661822063,0,783.0,694.0,1021.0,945.0
1640845786772582314,0,791.0,690.0,1023.0,933.0
1640845786869226777,0,785.0,696.0,1020.0,939.0
1640845786965229294,0,788.0,690.0,1023.0,937.0
1640845787081418140,0,784.0,697.0,1018.0,940.0
1640845787172771720,0,786.0,692.0,1023.0,933.0
1640845787268262047,0,786.0,691.0,1022.0,943.0
1640845787379785440,0,786.0,693.0,1023.0,938.0
1640845787475740652,0,786.0,694.0,1020.0,942.0
1640845787571665425,0,787.0,692.0,1023.0,935.0
1640845787683266020,0,785.0,695.0,1020.0,943.0
1640845787779683843,0,786.0,691.0,1023.0,937.0
1640845787876123634,0,788.0,692.0,1021.0,939.0
1640845787987040257,0,786.0,693.0,1023.0,930.0
1640845788083890541,0,788.0,693.0,1023.0,934.0
1640845788179452095,0,789.0,694.0,1021.0,934.0
1640845788290824591,0,790.0,693.0,1023.0,941.0
1640845788387765996,0,790.0,693.0,1023.0,935.0
1640845788482805735,0,783.0,692.0,1023.0,938.0
1640845788594376613,0,784.0,695.0,1023.0,933.0
1640845788690517095,0,796.0,690.0,1022.0,932.0
1640845788802132638,0,789.0,693.0,1020.0,940.0
1640845788899580042,0,795.0,690.0,1023.0,932.0
1640845788995035825,0,788.0,692.0,1023.0,932.0
1640845789107509446,0,785.0,695.0,1020.0,932.0
1640845789201984343,0,790.0,694.0,1023.0,927.0
1640845789298528799,0,785.0,695.0,1021.0,935.0
1640845789409403156,0,789.0,689.0,1023.0,934.0
1640845789505601805,0,786.0,696.0,1021.0,939.0
1640845789602222328,0,786.0,691.0,1023.0,929.0
1640845789713209166,0,793.0,691.0,1022.0,938.0
1640845789810036404,0,788.0,693.0,1023.0,935.0
1640845789905202561,0,790.0,693.0,1023.0,942.0
1640845790016726043,0,788.0,693.0,1023.0,936.0
1640845790113427625,0,791.0,691.0,1023.0,938.0
1640845790209429979,0,783.0,695.0,1023.0,943.0
1640845790320482978,0,791.0,691.0,1023.0,944.0
1640845790417420856,0,787.0,697.0,1018.0,948.0
1640845790513396974,0,787.0,693.0,1023.0,941.0
1640845790624128999,0,790.0,693.0,1023.0,948.0
1640845790721297318,0,792.0,693.0,1020.0,941.0
1640845790816380282,0,795.0,690.0,1023.0,945.0
1640845790927951098,0,789.0,697.0,1020.0,938.0
1640845791025055734,0,792.0,692.0,1023.0,939.0
1640845791120252355,0,792.0,692.0,1023.0,933.0
1640845791231865797,0,789.0,697.0,1020.0,939.0
1640845791328125738,0,796.0,693.0,1022.0,933.0
1640845791439320666,0,792.0,696.0,1022.0,942.0
1640845791535549003,0,791.0,696.0,1020.0,943.0
1640845791631492707,0,790.0,693.0,1023.0,941.0
1640845791729514830,0,791.0,690.0,1023.0,932.0
1640845791838871613,0,788.0,695.0,1023.0,931.0
1640845791935950858,0,784.0,696.0,1017.0,938.0
1640845792046704918,0,789.0,692.0,1023.0,924.0
1640845792142965950,0,793.0,690.0,1023.0,927.0
1640845792243554072,0,791.0,691.0,1022.0,931.0
1640845792350350037,0,794.0,693.0,1023.0,930.0
1640845792446794633,0,789.0,692.0,1022.0,939.0
1640845792543103940,0,788.0,694.0,1023.0,934.0
1640845792653870085,0,793.0,691.0,1023.0,932.0
1640845792750720067,0,787.0,693.0,1019.0,945.0
1640845792846664008,0,789.0,693.0,1023.0,939.0
1640845792957517485,0,799.0,691.0,1023.0,936.0
1640845793056327181,0,790.0,695.0,1022.0,935.0
1640845793150206685,0,792.0,693.0,1023.0,942.0
1640845793261248496,0,793.0,691.0,1023.0,921.0
1640845793357987281,0,789.0,698.0,1019.0,941.0
1640845793453341482,0,791.0,693.0,1023.0,941.0
1640845793564937746,0,794.0,692.0,1023.0,940.0
1640845793661144790,0,779.0,693.0,1020.0,943.0
1640845793757764227,0,789.0,691.0,1023.0,935.0
1640845793868526462,0,785.0,693.0,1022.0,937.0
1640845793966505554,0,783.0,693.0,1023.0,936.0
1640845794061030665,0,791.0,693.0,1023.0,928.0
1640845794172300845,0,786.0,691.0,1023.0,932.0
1640845794269138822,0,787.0,691.0,1021.0,943.0
1640845794364912200,0,786.0,694.0,1023.0,942.0
1640845794475913888,0,795.0,692.0,1023.0,937.0
1640845794572292639,0,789.0,692.0,1023.0,940.0
1640845794668207639,0,788.0,692.0,1020.0,936.0
1640845794779812152,0,790.0,693.0,1021.0,934.0
1640845794876469576,0,791.0,692.0,1023.0,935.0
1640845794971879292,0,791.0,691.0,1021.0,952.0
1640845795083346833,0,787.0,695.0,1023.0,941.0
1640845795180176248,0,788.0,692.0,1023.0,934.0
1640845795275677875,0,798.0,692.0,1023.0,933.0
1640845795387094187,0,783.0,697.0,1015.0,939.0
1640845795483733619,0,785.0,694.0,1022.0,942.0
1640845795594775232,0,789.0,693.0,1022.0,938.0
1640845795690756629,0,793.0,692.0,1023.0,940.0
1640845795787425761,0,791.0,701.0,1019.0,942.0
1640845795898326207,0,785.0,695.0,1019.0,939.0
1640845795994467550,0,789.0,691.0,1023.0,937.0
1640845796091228041,0,793.0,691.0,1023.0,945.0
1640845796202255818,0,802.0,692.0,1023.0,939.0
1640845796298073508,0,789.0,695.0,1023.0,936.0
1640845796394292377,0,788.0,694.0,1023.0,937.0
1640845796505547956,0,790.0,693.0,1022.0,936.0
1640845796602621890,0,794.0,691.0,1023.0,928.0
1640845796698418573,0,795.0,693.0,1023.0,937.0
1640845796809281758,0,789.0,697.0,1019.0,940.0
1640845796906175405,0,786.0,695.0,1019.0,947.0
1640845797001219029,0,790.0,694.0,1022.0,931.0
1640845797112993504,0,787.0,693.0,1023.0,927.0
1640845797209276488,0,792.0,692.0,1023.0,925.0
1640845797305919294,0,792.0,692.0,1021.0,926.0
1640845797416452795,0,789.0,693.0,1019.0,934.0
1640845797513238596,0,787.0,694.0,1017.0,933.0
1640845797608546840,0,783.0,693.0,1023.0,926.0
1640845797720177638,0,790.0,693.0,1023.0,922.0
1640845797816298593,0,791.0,690.0,1023.0,925.0
1640845797912985133,0,788.0,694.0,1023.0,928.0
1640845798023750213,0,788.0,692.0,1023.0,927.0
1640845798120678749,0,789.0,692.0,1022.0,937.0
1640845798216508397,0,784.0,698.0,1018.0,929.0
1640845798327542968,0,782.0,692.0,1023.0,930.0
1640845798424021976,0,788.0,696.0,1022.0,933.0
1640845798520342542,0,787.0,692.0,1023.0,922.0
1640845798631584511,0,792.0,692.0,1023.0,925.0
1640845798727872460,0,792.0,693.0,1023.0,930.0
1640845798846341052,0,795.0,696.0,1022.0,930.0
1640845798934762606,0,789.0,694.0,1023.0,925.0
1640845799033042098,0,793.0,691.0,1023.0,928.0
1640845799142778355,0,792.0,690.0,1023.0,923.0
1640845799239531524,0,787.0,692.0,1023.0,929.0
1640845799334439798,0,785.0,694.0,1020.0,933.0
1640845799446306553,0,789.0,695.0,1019.0,921.0
1640845799543005626,0,786.0,694.0,1023.0,923.0
1640845799643733286,0,791.0,692.0,1023.0,928.0
1640845799749904774,0,796.0,692.0,1023.0,930.0
1640845799846494733,0,789.0,692.0,1022.0,933.0
1640845799942254100,0,787.0,697.0,1019.0,930.0
1640845800053434584,0,787.0,694.0,1023.0,929.0
1640845800149770514,0,788.0,695.0,1022.0,932.0
1640845800246225542,0,790.0,691.0,1023.0,929.0
1640845800357100144,0,792.0,692.0,1023.0,934.0
1640845800453543168,0,789.0,692.0,1023.0,935.0
1640845800549824931,0,789.0,691.0,1023.0,928.0
1640845800660880192,0,791.0,691.0,1023.0,928.0
1640845800757520975,0,790.0,693.0,1020.0,927.0
1640845800855480576,0,787.0,695.0,1021.0,926.0
1640845800964354285,0,787.0,694.0,1021.0,923.0
1640845801061312315,0,786.0,694.0,1018.0,925.0
1640845801157498330,0,787.0,694.0,1023.0,925.0
1640845801268116603,0,788.0,693.0,1023.0,925.0
1640845801364459278,0,798.0,693.0,1021.0,926.0
1640845801459950139,0,787.0,693.0,1022.0,928.0
1640845801572153825,0,789.0,692.0,1023.0,912.0
1640845801667816448,0,787.0,694.0,1020.0,926.0
1640845801764245605,0,787.0,693.0,1023.0,920.0
1640845801875242227,0,785.0,695.0,1022.0,922.0
1640845801972009479,0,788.0,693.0,1022.0,920.0
1640845802083031804,0,789.0,696.0,1022.0,918.0
1640845802179196940,0,787.0,692.0,1022.0,918.0
1640845802275507082,0,786.0,694.0,1019.0,919.0
1640845802387431404,0,785.0,694.0,1020.0,916.0
1640845802482969463,0,785.0,694.0,1020.0,919.0
1640845802584298143,0,787.0,694.0,1020.0,925.0
1640845802690320643,0,786.0,695.0,1021.0,928.0
1640845802787315117,0,787.0,693.0,1021.0,928.0
1640845802883162461,0,790.0,694.0,1022.0,925.0
1640845802994047528,0,789.0,693.0,1021.0,922.0
1640845803090989070,0,787.0,694.0,1020.0,924.0
1640845803187144192,0,788.0,694.0,1021.0,926.0
1640845803297671450,0,789.0,693.0,1023.0,918.0
1640845803394005987,0,789.0,695.0,1021.0,921.0
1640845803490270959,0,787.0,694.0,1022.0,919.0
1640845803601316429,0,791.0,692.0,1022.0,925.0
1640845803698622639,0,791.0,693.0,1023.0,927.0
1640845803794150498,0,789.0,693.0,1021.0,925.0
1640845803904900046,0,786.0,694.0,1019.0,926.0
1640845804001248130,0,789.0,697.0,1020.0,923.0
1640845804099166628,0,787.0,694.0,1023.0,921.0
1640845804208564000,0,791.0,693.0,1023.0,928.0
1640845804304934887,0,792.0,691.0,1023.0,923.0
1640845804401523742,0,791.0,693.0,1023.0,922.0
1640845804512163288,0,794.0,692.0,1023.0,925.0
1640845804608860603,0,789.0,691.0,1023.0,925.0
1640845804707585142,0,788.0,693.0,1023.0,932.0
1640845804815760532,0,787.0,694.0,1020.0,928.0
1640845804911929202,0,783.0,697.0,1020.0,923.0
1640845805008659828,0,786.0,692.0,1020.0,928.0
1640845805119540385,0,789.0,694.0,1023.0,918.0
1640845805215535618,0,787.0,692.0,1023.0,922.0
1640845805312259789,0,788.0,692.0,1021.0,920.0
1640845805423182696,0,796.0,691.0,1023.0,917.0
1640845805519726694,0,790.0,691.0,1023.0,922.0
1640845805630949211,0,792.0,692.0,1023.0,925.0
1640845805726963750,0,788.0,689.0,1023.0,923.0
1640845805823106382,0,797.0,692.0,1023.0,922.0
1640845805934477732,0,787.0,692.0,1023.0,924.0
1640845806031427136,0,787.0,693.0,1023.0,923.0
1640845806127568990,0,788.0,695.0,1021.0,924.0
1640845806238210264,0,789.0,692.0,1022.0,920.0
1640845806334389568,0,792.0,692.0,1023.0,920.0
1640845806430372316,0,791.0,691.0,1023.0,917.0
1640845806548967483,0,793.0,690.0,1023.0,920.0
1640845806639895024,0,787.0,692.0,1023.0,929.0
1640845806733797614,0,786.0,690.0,1023.0,929.0
1640845806846596391,0,789.0,692.0,1022.0,928.0
1640845806943564762,0,792.0,693.0,1023.0,929.0
1640845807037105349,0,787.0,695.0,1020.0,927.0
1640845807148912823,0,787.0,694.0,1022.0,932.0
1640845807244969681,0,790.0,691.0,1022.0,922.0
1640845807341888811,0,792.0,692.0,1023.0,926.0
1640845807452669327,0,793.0,688.0,1023.0,924.0
1640845807549068246,0,789.0,692.0,1022.0,919.0
1640845807644557467,0,788.0,694.0,1023.0,920.0
1640845807756287101,0,787.0,692.0,1023.0,934.0
1640845807852469384,0,792.0,692.0,1023.0,926.0
1640845807948935318,0,795.0,695.0,1023.0,922.0
1640845808059987910,0,790.0,692.0,1023.0,923.0
1640845808157011613,0,789.0,694.0,1022.0,927.0
1640845808252778925,0,787.0,696.0,1021.0,921.0
1640845808363777103,0,792.0,692.0,1023.0,918.0
1640845808460394807,0,786.0,690.0,1023.0,915.0
1640845808555865175,0,790.0,691.0,1023.0,923.0
1640845808667442566,0,786.0,695.0,1021.0,926.0
1640845808763813647,0,785.0,697.0,1018.0,929.0
1640845808875102606,0,789.0,692.0,1023.0,917.0
1640845808971330971,0,794.0,691.0,1022.0,917.0
1640845809067038820,0,790.0,693.0,1023.0,921.0
1640845809178863977,0,793.0,691.0,1023.0,927.0
1640845809275776934,0,788.0,696.0,1021.0,924.0
1640845809370904429,0,791.0,691.0,1021.0,922.0
1640845809482410405,0,792.0,691.0,1023.0,919.0
1640845809579305319,0,792.0,690.0,1023.0,918.0
1640845809675509813,0,791.0,692.0,1023.0,921.0
1640845809786003496,0,790.0,692.0,1022.0,920.0
1640845809882870953,0,788.0,693.0,1020.0,920.0
1640845809978109588,0,789.0,692.0,1019.0,936.0
1640845810089709122,0,794.0,692.0,1022.0,923.0
1640845810186339062,0,794.0,689.0,1023.0,918.0
1640845810281615707,0,797.0,690.0,1023.0,917.0
1640845810393316641,0,788.0,693.0,1023.0,919.0
1640845810490304096,0,787.0,693.0,1023.0,920.0
1640845810586105624,0,791.0,691.0,1023.0,925.0
1640845810696900124,0,792.0,691.0,1022.0,921.0
1640845810793336858,0,792.0,691.0,1023.0,927.0
1640845810889061261,0,791.0,689.0,1023.0,923.0
1640845811000663623,0,792.0,689.0,1023.0,915.0
1640845811097213998,0,792.0,692.0,1023.0,926.0
1640845811192946442,0,783.0,693.0,1023.0,927.0
1640845811304110964,0,788.0,693.0,1022.0,920.0
1640845811400425770,0,789.0,692.0,1022.0,919.0
1640845811496869300,0,793.0,690.0,1023.0,926.0
1640845811608378021,0,786.0,692.0,1023.0,925.0
1640845811706157211,0,791.0,690.0,1023.0,927.0
1640845811800049760,0,789.0,694.0,1023.0,929.0
1640845811911912787,0,795.0,691.0,1023.0,924.0
1640845812008178069,0,790.0,693.0,1023.0,924.0
1640845812119311887,0,789.0,694.0,1022.0,923.0
1640845812215212489,0,790.0,692.0,1022.0,921.0
1640845812311612151,0,792.0,689.0,1023.0,915.0
1640845812422780586,0,790.0,692.0,1023.0,919.0
1640845812519615806,0,796.0,693.0,1022.0,927.0
1640845812615621580,0,792.0,691.0,1023.0,923.0
1640845812726744716,0,793.0,691.0,1023.0,917.0
1640845812822566906,0,789.0,692.0,1023.0,917.0
1640845812918541562,0,789.0,693.0,1021.0,920.0
1640845813030118964,0,793.0,693.0,1021.0,921.0
1640845813126561256,0,796.0,688.0,1023.0,920.0
1640845813222670830,0,798.0,692.0,1023.0,914.0
1640845813333794394,0,787.0,697.0,1020.0,921.0
1640845813430551736,0,793.0,692.0,1023.0,918.0
1640845813526552622,0,797.0,692.0,1023.0,919.0
1640845813637421838,0,791.0,693.0,1023.0,919.0
1640845813733545554,0,788.0,693.0,1021.0,926.0
1640845813829544553,0,790.0,692.0,1023.0,922.0
1640845813942125187,0,794.0,691.0,1023.0,913.0
1640845814037164122,0,789.0,692.0,1023.0,918.0
1640845814132853472,0,788.0,694.0,1020.0,922.0
1640845814244730324,0,789.0,693.0,1022.0,920.0
1640845814342337125,0,788.0,692.0,1023.0,926.0
1640845814437623445,0,788.0,694.0,1020.0,927.0
1640845814548193061,0,799.0,692.0,1022.0,933.0
1640845814648258653,0,793.0,690.0,1023.0,923.0
1640845814743680334,0,790.0,692.0,1023.0,917.0
1640845814851816801,0,785.0,697.0,1019.0,919.0
1640845814948705410,0,793.0,691.0,1023.0,916.0
1640845815043941736,0,794.0,693.0,1021.0,915.0
1640845815155594299,0,790.0,696.0,1020.0,913.0
1640845815252607881,0,793.0,691.0,1023.0,912.0
1640845815363318953,0,790.0,692.0,1023.0,905.0
1640845815459315804,0,787.0,693.0,1019.0,912.0
1640845815555692851,0,791.0,692.0,1023.0,915.0
1640845815666924717,0,788.0,690.0,1023.0,907.0
1640845815763806893,0,788.0,698.0,1022.0,909.0
1640845815858941634,0,790.0,688.0,1023.0,906.0
1640845815970567536,0,785.0,693.0,1022.0,911.0
1640845816066753794,0,789.0,690.0,1021.0,914.0
1640845816163486934,0,793.0,690.0,1023.0,906.0
1640845816274320921,0,783.0,694.0,1021.0,916.0
1640845816370763981,0,790.0,692.0,1023.0,921.0
1640845816466743522,0,789.0,692.0,1023.0,921.0
1640845816577959262,0,790.0,695.0,1021.0,925.0
1640845816675530532,0,793.0,691.0,1023.0,915.0
1640845816771597229,0,791.0,693.0,1023.0,921.0
1640845816881513168,0,790.0,692.0,1023.0,925.0
1640845816978509125,0,790.0,691.0,1023.0,916.0
1640845817074176494,0,786.0,694.0,1019.0,923.0
1640845817185145591,0,790.0,690.0,1023.0,917.0
1640845817281355755,0,784.0,692.0,1023.0,919.0
1640845817377413430,0,789.0,693.0,1023.0,922.0
1640845817488952971,0,792.0,689.0,1023.0,915.0
1640845817585071718,0,788.0,695.0,1023.0,920.0
1640845817681325086,0,789.0,696.0,1018.0,920.0
1640845817792456391,0,793.0,689.0,1023.0,915.0
1640845817888853691,0,785.0,693.0,1023.0,917.0
1640845817984954486,0,789.0,692.0,1023.0,917.0
1640845818096960305,0,789.0,692.0,1023.0,913.0
1640845818192944299,0,787.0,694.0,1021.0,919.0
1640845818288225681,0,794.0,691.0,1022.0,915.0
1640845818399595675,0,792.0,692.0,1023.0,916.0
1640845818496194864,0,791.0,691.0,1021.0,925.0
1640845818607313265,0,790.0,691.0,1023.0,914.0
1640845818703380128,0,786.0,696.0,1019.0,925.0
1640845818799322077,0,791.0,691.0,1023.0,919.0
1640845818911104285,0,788.0,693.0,1021.0,920.0
1640845819007040535,0,790.0,691.0,1023.0,922.0
1640845819103366402,0,784.0,690.0,1023.0,919.0
1640845819214706201,0,790.0,693.0,1021.0,923.0
1640845819312173046,0,793.0,690.0,1023.0,921.0
1640845819409337585,0,784.0,696.0,1020.0,922.0
1640845819518373763,0,789.0,693.0,1023.0,921.0
1640845819614690078,0,787.0,693.0,1023.0,921.0
1640845819711431486,0,788.0,692.0,1020.0,924.0
1640845819821963728,0,791.0,691.0,1023.0,916.0
1640845819918827700,0,784.0,695.0,1017.0,918.0
1640845820014136082,0,788.0,691.0,1023.0,918.0
1640845820125538563,0,787.0,692.0,1023.0,917.0
1640845820222163604,0,785.0,696.0,1022.0,921.0
1640845820317548331,0,787.0,691.0,1023.0,918.0
1640845820429511152,0,786.0,693.0,1023.0,916.0
1640845820525527600,0,787.0,692.0,1019.0,919.0
1640845820622194129,0,794.0,690.0,1023.0,916.0
1640845820732905633,0,784.0,693.0,1023.0,911.0
1640845820829503171,0,790.0,692.0,1023.0,912.0
1640845820925811961,0,790.0,693.0,1023.0,907.0
1640845821036500152,0,786.0,693.0,1023.0,913.0
1640845821132728253,0,786.0,691.0,1023.0,911.0
1640845821229167070,0,786.0,694.0,1019.0,916.0
1640845821344032249,0,788.0,690.0,1023.0,910.0
1640845821436195415,0,785.0,696.0,1023.0,905.0
1640845821532186456,0,786.0,691.0,1020.0,912.0
1640845821643754497,0,789.0,691.0,1023.0,904.0
1640845821740611221,0,785.0,691.0,1022.0,908.0
1640845821851507949,0,790.0,691.0,1023.0,907.0
1640845821947731375,0,798.0,692.0,1023.0,906.0
1640845822043763435,0,784.0,693.0,1023.0,904.0
1640845822155204320,0,790.0,692.0,1023.0,906.0
1640845822251740343,0,786.0,694.0,1023.0,906.0
1640845822347584102,0,788.0,693.0,1023.0,904.0
1640845822458959144,0,784.0,693.0,1023.0,905.0
1640845822555537287,0,787.0,690.0,1023.0,907.0
1640845822651211993,0,790.0,693.0,1023.0,918.0
1640845822762620680,0,792.0,688.0,1023.0,912.0
1640845822859023880,0,784.0,695.0,1019.0,911.0
1640845822955527248,0,791.0,689.0,1023.0,908.0
1640845823066456066,0,787.0,692.0,1021.0,910.0
1640845823162296068,0,790.0,691.0,1023.0,902.0
1640845823258490100,0,788.0,690.0,1023.0,910.0
1640845823369913415,0,786.0,692.0,1023.0,911.0
1640845823466705379,0,793.0,693.0,1023.0,912.0
1640845823562161951,0,786.0,693.0,1023.0,910.0
1640845823673585812,0,791.0,690.0,1023.0,909.0
1640845823769583562,0,784.0,695.0,1018.0,913.0
1640845823865773195,0,792.0,691.0,1023.0,911.0
1640845823977469707,0,785.0,695.0,1019.0,915.0
1640845824076635146,0,782.0,693.0,1023.0,907.0
1640845824170155915,0,786.0,692.0,1023.0,914.0
1640845824281016351,0,788.0,692.0,1023.0,908.0
1640845824379959642,0,782.0,694.0,1022.0,914.0
1640845824473537146,0,788.0,692.0,1023.0,909.0
1640845824584706298,0,788.0,691.0,1023.0,918.0
1640845824681148451,0,786.0,691.0,1023.0,912.0
1640845824776686363,0,788.0,692.0,1022.0,911.0
1640845824888352013,0,785.0,692.0,1023.0,911.0
1640845824984780105,0,787.0,691.0,1023.0,911.0
1640845825081202275,0,783.0,694.0,1023.0,910.0
1640845825191982592,0,784.0,691.0,1023.0,912.0
1640845825288270659,0,783.0,693.0,1022.0,909.0
1640845825399700295,0,792.0,690.0,1023.0,912.0
1640845825495691387,0,784.0,696.0,1022.0,915.0
1640845825591531945,0,785.0,692.0,1023.0,911.0
1640845825703347475,0,787.0,692.0,1022.0,914.0
1640845825800142155,0,786.0,693.0,1023.0,912.0
1640845825895708447,0,793.0,690.0,1023.0,908.0
1640845826007820853,0,791.0,696.0,1020.0,918.0
1640845826102900844,0,788.0,691.0,1023.0,912.0
1640845826199792677,0,787.0,691.0,1023.0,915.0
1640845826311085965,0,784.0,695.0,1020.0,918.0
1640845826407695248,0,788.0,693.0,1021.0,914.0
1640845826502453870,0,787.0,697.0,1022.0,914.0
1640845826614225683,0,784.0,692.0,1021.0,918.0
1640845826711128929,0,798.0,690.0,1023.0,911.0
1640845826807213937,0,788.0,692.0,1023.0,914.0
1640845826917886475,0,786.0,691.0,1023.0,914.0
1640845827014856908,0,785.0,692.0,1023.0,914.0
1640845827111143059,0,786.0,692.0,1023.0,915.0
1640845827221665060,0,784.0,694.0,1019.0,916.0
1640845827319721753,0,788.0,690.0,1023.0,914.0
1640845827414355252,0,787.0,692.0,1023.0,921.0
1640845827527619980,0,785.0,693.0,1023.0,918.0
1640845827621523549,0,786.0,689.0,1023.0,917.0
1640845827718006790,0,788.0,692.0,1021.0,919.0
1640845827829492607,0,784.0,693.0,1023.0,918.0
1640845827925234225,0,785.0,691.0,1023.0,920.0
1640845828021411172,0,787.0,693.0,1023.0,921.0
1640845828132768033,0,783.0,699.0,1021.0,922.0
1640845828229137525,0,792.0,689.0,1023.0,919.0
1640845828328068640,0,786.0,692.0,1022.0,925.0
1640845828436322126,0,784.0,693.0,1022.0,919.0
1640845828533284293,0,793.0,690.0,1023.0,920.0
1640845828628511150,0,788.0,691.0,1023.0,923.0
1640845828740050256,0,787.0,693.0,1023.0,915.0
1640845828836957543,0,794.0,690.0,1023.0,915.0
1640845828932464648,0,787.0,693.0,1020.0,927.0
1640845829043738795,0,786.0,693.0,1023.0,924.0
1640845829140171477,0,796.0,690.0,1023.0,920.0
1640845829251301850,0,787.0,691.0,1023.0,925.0
1640845829347506108,0,788.0,693.0,1023.0,918.0
1640845829446050287,0,787.0,691.0,1023.0,923.0
1640845829555152265,0,787.0,691.0,1019.0,920.0
1640845829651956957,0,786.0,693.0,1023.0,910.0
1640845829747313597,0,794.0,691.0,1023.0,912.0
1640845829859267744,0,788.0,692.0,1019.0,911.0
1640845829954974113,0,786.0,694.0,1022.0,912.0
1640845830051349332,0,792.0,691.0,1023.0,912.0
1640845830162697611,0,790.0,691.0,1022.0,917.0
1640845830258991804,0,786.0,693.0,1020.0,912.0
1640845830355409057,0,792.0,689.0,1023.0,911.0
1640845830466293002,0,786.0,692.0,1021.0,914.0
1640845830562509130,0,784.0,693.0,1021.0,907.0
1640845830659076432,0,791.0,689.0,1023.0,907.0
1640845830769873224,0,789.0,691.0,1022.0,916.0
1640845830867369748,0,786.0,693.0,1023.0,916.0
1640845830962029994,0,791.0,689.0,1023.0,913.0
1640845831075597635,0,784.0,696.0,1019.0,913.0
1640845831169749372,0,789.0,692.0,1023.0,911.0
1640845831265602970,0,792.0,691.0,1023.0,912.0
1640845831377258218,0,786.0,693.0,1022.0,916.0
1640845831473565101,0,788.0,696.0,1023.0,916.0
1640845831569093450,0,788.0,692.0,1023.0,917.0
1640845831680827393,0,786.0,693.0,1022.0,919.0
1640845831776794204,0,789.0,690.0,1023.0,921.0
1640845831872827506,0,789.0,694.0,1023.0,917.0
1640845831987219458,0,789.0,693.0,1023.0,911.0
1640845832081201536,0,787.0,692.0,1023.0,912.0
1640845832177203486,0,789.0,690.0,1023.0,918.0
1640845832288212360,0,781.0,692.0,1022.0,916.0
1640845832385032888,0,784.0,692.0,1023.0,916.0
1640845832496043367,0,788.0,690.0,1023.0,912.0
1640845832592507259,0,790.0,691.0,1022.0,917.0
1640845832688282889,0,784.0,693.0,1020.0,918.0
1640845832799554224,0,789.0,690.0,1023.0,916.0
1640845832895523907,0,795.0,691.0,1023.0,910.0
1640845832991778254,0,787.0,691.0,1023.0,920.0
1640845833103067814,0,789.0,690.0,1023.0,924.0
1640845833199817970,0,788.0,693.0,1021.0,921.0
1640845833296058678,0,789.0,693.0,1023.0,915.0
1640845833406851434,0,794.0,689.0,1023.0,911.0
1640845833502654033,0,800.0,689.0,1023.0,914.0
1640845833599645753,0,796.0,692.0,1023.0,935.0
1640845833710449000,0,797.0,696.0,1020.0,937.0
1640845833807044235,0,795.0,693.0,1022.0,937.0
1640845833902969715,0,801.0,691.0,1023.0,935.0
1640845834014001530,0,808.0,689.0,1023.0,928.0
1640845834110360354,0,812.0,691.0,1023.0,926.0
1640845834206305506,0,811.0,692.0,1020.0,951.0
1640845834317664833,0,819.0,693.0,1019.0,938.0
1640845834416285875,0,867.0,691.0,1023.0,951.0
1640845834511657318,0,957.0,692.0,1023.0,901.0
1640845834621393412,0,1016.0,691.0,1023.0,938.0
1640845834718136509,0,1000.0,693.0,1019.0,916.0
1640845834815725341,0,989.0,695.0,1020.0,941.0
1640845834925054849,0,1023.0,692.0,1023.0,1007.0
1640845835021477143,0,1023.0,697.0,1019.0,1023.0
1640845835117291786,0,1023.0,698.0,1023.0,966.0
1640845835228703436,0,1023.0,693.0,1023.0,971.0
1640845835325172276,0,1023.0,692.0,1022.0,984.0
1640845835420628251,0,1023.0,692.0,1023.0,976.0
1640845835532444993,0,1021.0,694.0,1021.0,977.0
1640845835628938828,0,1023.0,690.0,1023.0,970.0
1640845835740107880,0,1020.0,695.0,1023.0,978.0
1640845835836071331,0,1023.0,693.0,1023.0,979.0
1640845835932516472,0,1023.0,693.0,1023.0,972.0
1640845836043825828,0,1023.0,693.0,1021.0,975.0
1640845836139900713,0,1023.0,691.0,1023.0,966.0
1640845836235991622,0,1019.0,695.0,1020.0,970.0
1640845836347633845,0,1023.0,694.0,1023.0,966.0
1640845836443727317,0,1020.0,694.0,1022.0,942.0
1640845836539240246,0,1023.0,690.0,1023.0,936.0
1640845836650981158,0,1020.0,694.0,1021.0,943.0
1640845836747680753,0,1023.0,692.0,1023.0,929.0
1640845836843389006,0,1022.0,693.0,1020.0,947.0
1640845836954994460,0,1023.0,691.0,1023.0,952.0
1640845837052021631,0,1021.0,692.0,1023.0,946.0
1640845837146652118,0,1023.0,690.0,1023.0,945.0
1640845837258353765,0,1019.0,700.0,1021.0,955.0
1640845837355559711,0,1023.0,692.0,1023.0,951.0
1640845837450512056,0,1022.0,694.0,1023.0,956.0
1640845837562094866,0,1023.0,690.0,1023.0,962.0
1640845837658265730,0,1021.0,695.0,1021.0,967.0
1640845837754823920,0,1023.0,691.0,1023.0,956.0
1640845837865759758,0,1023.0,695.0,1017.0,972.0
1640845837962319527,0,1023.0,692.0,1023.0,973.0
1640845838058012084,0,1023.0,695.0,1019.0,969.0
1640845838169408246,0,1023.0,693.0,1022.0,981.0
1640845838266477438,0,1023.0,693.0,1022.0,989.0
1640845838361914723,0,1014.0,694.0,1022.0,1001.0
1640845838473009097,0,1023.0,691.0,1023.0,994.0
1640845838570132695,0,1018.0,699.0,1017.0,998.0
1640845838665580489,0,1023.0,692.0,1023.0,992.0
1640845838776713146,0,1023.0,702.0,1023.0,997.0
1640845838873353572,0,1022.0,694.0,1023.0,998.0
1640845838969415552,0,1023.0,691.0,1023.0,986.0
1640845839080279377,0,1023.0,697.0,1018.0,983.0
1640845839177020274,0,1023.0,693.0,1023.0,985.0
1640845839287992905,0,1023.0,691.0,1023.0,991.0
1640845839383959490,0,1023.0,697.0,1019.0,990.0
1640845839480012622,0,1023.0,693.0,1023.0,983.0
1640845839591732961,0,1020.0,696.0,1023.0,985.0
1640845839687607485,0,1023.0,695.0,1022.0,979.0
1640845839783609814,0,1022.0,692.0,1023.0,976.0
1640845839895544898,0,1022.0,694.0,1023.0,977.0
1640845839992041260,0,1021.0,695.0,1023.0,976.0
1640845840087334169,0,1023.0,690.0,1022.0,973.0
1640845840198882704,0,1018.0,694.0,1020.0,979.0
1640845840297179946,0,1023.0,693.0,1023.0,981.0
1640845840390856900,0,1023.0,695.0,1023.0,980.0
1640845840502475584,0,1019.0,696.0,1023.0,981.0
1640845840599124731,0,1023.0,691.0,1023.0,983.0
1640845840694565781,0,1021.0,698.0,1023.0,985.0
1640845840806244367,0,1022.0,691.0,1023.0,980.0
1640845840902213713,0,1021.0,693.0,1021.0,988.0
1640845840999311394,0,1021.0,692.0,1023.0,985.0
1640845841109838653,0,1023.0,692.0,1023.0,983.0
1640845841205869980,0,1022.0,696.0,1019.0,984.0
1640845841301957192,0,1023.0,692.0,1023.0,980.0
1640845841413517490,0,1023.0,691.0,1023.0,982.0
1640845841510368842,0,1015.0,694.0,1019.0,983.0
1640845841605604225,0,1022.0,692.0,1023.0,978.0
1640845841717139082,0,1023.0,693.0,1023.0,980.0
1640845841815657602,0,1022.0,694.0,1023.0,985.0
1640845841909271148,0,1023.0,690.0,1023.0,976.0
1640845842020943155,0,1021.0,694.0,1019.0,986.0
1640845842118060478,0,1023.0,689.0,1023.0,981.0
1640845842212909369,0,1023.0,690.0,1023.0,982.0
1640845842324505139,0,1022.0,694.0,1020.0,980.0
1640845842421042890,0,1023.0,693.0,1022.0,979.0
1640845842532174614,0,1023.0,693.0,1023.0,980.0
1640845842628441967,0,1018.0,698.0,1019.0,981.0
1640845842724198576,0,1020.0,696.0,1023.0,973.0
1640845842835703361,0,1023.0,691.0,1023.0,966.0
1640845842932025396,0,1023.0,692.0,1023.0,974.0
1640845843028603974,0,1018.0,697.0,1020.0,971.0
1640845843139562115,0,1022.0,693.0,1023.0,968.0
1640845843235498192,0,1023.0,692.0,1023.0,925.0
1640845843331716106,0,1023.0,693.0,1022.0,928.0
1640845843443371488,0,1019.0,693.0,1021.0,932.0
1640845843544234455,0,1023.0,699.0,1022.0,923.0
1640845843635301504,0,1023.0,690.0,1023.0,916.0
1640845843747032612,0,1021.0,692.0,1022.0,919.0
1640845843843808968,0,1021.0,693.0,1022.0,920.0
1640845843942102080,0,1022.0,693.0,1022.0,916.0
1640845844050416994,0,1023.0,690.0,1023.0,926.0
1640845844147310574,0,1022.0,697.0,1021.0,937.0
1640845844242376347,0,1021.0,694.0,1023.0,932.0
1640845844354094264,0,1023.0,691.0,1023.0,922.0
1640845844450870313,0,1022.0,694.0,1023.0,932.0
1640845844546919591,0,1022.0,696.0,1022.0,919.0
1640845844657733586,0,1023.0,692.0,1023.0,935.0
1640845844754018452,0,1023.0,693.0,1023.0,930.0
1640845844850162688,0,1023.0,692.0,1023.0,931.0
1640845844961606158,0,1023.0,694.0,1020.0,939.0
1640845845058112704,0,1022.0,696.0,1021.0,935.0
